positive,negative,neutral,highest,"highest_count(pos=1,neu=0,neg=-1)"
10,3,7,positive,1
10,1,9,positive,1
13,1,6,positive,1
7,4,7,positive,1
10,3,7,positive,1
13,1,6,positive,1
8,6,6,positive,1
10,1,9,positive,1
10,0,10,positive,1
11,1,8,positive,1
14,3,3,positive,1
11,4,5,positive,1
10,3,7,positive,1
8,3,8,positive,1
12,3,5,positive,1
13,3,4,positive,1
10,1,7,positive,1
18,0,2,positive,1
13,3,4,positive,1
9,5,6,positive,1
10,4,6,positive,1
12,1,7,positive,1
10,2,7,positive,1
12,3,3,positive,1
11,2,7,positive,1
8,2,8,positive,1
10,2,8,positive,1
8,5,7,positive,1
8,5,7,positive,1
6,3,11,neutral,0
2,5,9,neutral,0
8,2,10,neutral,0
5,3,11,neutral,0
7,4,9,neutral,0
7,2,8,neutral,0
6,3,7,neutral,0
2,1,16,neutral,0
8,1,11,neutral,0
7,3,10,neutral,0
8,1,10,neutral,0
4,5,10,neutral,0
6,5,8,neutral,0
4,3,12,neutral,0
5,3,12,neutral,0
4,4,12,neutral,0
6,6,7,neutral,0
5,3,7,neutral,0
5,3,12,neutral,0
6,9,4,negative,-1
6,7,7,negative,-1
